{
    "model": "mlm_1l_4h_16d_original_default_params_20k",
    "timestamp": "2026-03-22 05:11:22.875174",
    "epochs": 900,
    "training": {
        "short": {
            "loss": 0.3319036861995785,
            "accuracy": 0.88930469647672,
            "top_2_accuracy": 0.9809323732292301,
            "top_3_accuracy": 0.9958569107263513,
            "matthews_corrcoef": 0.8141639944933837,
            "macro_precision": 0.7677918314856397,
            "macro_recall": 0.5365768982516264,
            "macro_f1": 0.5738004345419238
        },
        "host": {
            "loss": 0.04605823791373508,
            "accuracy": 0.9780222856466643,
            "top_2_accuracy": 0.9989069675411351,
            "top_3_accuracy": 0.9994439404138254,
            "matthews_corrcoef": 0.9586626942956228,
            "macro_precision": 0.9345896980988468,
            "macro_recall": 0.8024255886982369,
            "macro_f1": 0.830095265459712
        }
    },
    "validation": {
        "short": {
            "loss": 0.41211886350702026,
            "accuracy": 0.8664368773444427,
            "top_2_accuracy": 0.9710714400967513,
            "top_3_accuracy": 0.9930310215585002,
            "matthews_corrcoef": 0.7784017610932684,
            "macro_precision": 0.7215136524183566,
            "macro_recall": 0.5097613822161521,
            "macro_f1": 0.5132025826711323
        },
        "host": {
            "loss": 0.39539284173772704,
            "accuracy": 0.8959493869296694,
            "top_2_accuracy": 0.9439100963363304,
            "top_3_accuracy": 0.9581892027703802,
            "matthews_corrcoef": 0.8091751931473802,
            "macro_precision": 0.8325385679979312,
            "macro_recall": 0.6910225750146909,
            "macro_f1": 0.6920331398853432
        }
    },
    "params": {
        "augment": "original",
        "context_size": 4096,
        "batch_size": 16,
        "features": [
            "short",
            "host"
        ],
        "targets": [
            "short",
            "host"
        ],
        "sampling": "index",
        "min_freq": 10,
        "n_heads": 4,
        "dim_per_head": 16,
        "num_layers": 1,
        "feedforward_factor": 4,
        "activation": "gelu",
        "gated_activation": true,
        "encoding": "raw_time",
        "encoding_type": "rotary",
        "rotary_max_exp": 14,
        "rotary_cutoff": 0.75,
        "biases": false,
        "head_bias": true,
        "tie_weights": true,
        "emb_init_std": 0.125,
        "optimizer": "adam",
        "scheduler": "linear",
        "lr": 0.005,
        "warm_up_steps": 200,
        "decay": 0.1,
        "momentum": 0.9,
        "gamma": null,
        "class_balance": 2.0,
        "target_ratio": 0.2,
        "mask_ratio": 0.8,
        "perturb_ratio": 0.1,
        "path": "saved_models",
        "log": "train",
        "d_model": 64,
        "dim_feedforward": 256,
        "encoding_freqs": [
            1.0,
            0.29730177875068026,
            0.08838834764831845,
            0.026278012976678578,
            0.0078125,
            0.0023226701464896895
        ],
        "updates": 18000,
        "id": "1l_4h_16d_original_default_params"
    }
}