{
    "model": "mlm_1l_4h_16d_original_default_params_60k",
    "timestamp": "2026-03-22 10:09:51.137243",
    "epochs": 2930,
    "training": {
        "short": {
            "loss": 0.3192905435663961,
            "accuracy": 0.8934165885565246,
            "top_2_accuracy": 0.9829397261390497,
            "top_3_accuracy": 0.9967295623115169,
            "matthews_corrcoef": 0.8219522085403563,
            "macro_precision": 0.8320924462494862,
            "macro_recall": 0.643771959152294,
            "macro_f1": 0.6716107575324392
        },
        "host": {
            "loss": 0.03898167633001763,
            "accuracy": 0.9803124235879045,
            "top_2_accuracy": 0.9993135646751976,
            "top_3_accuracy": 0.9996727015241667,
            "matthews_corrcoef": 0.963264694160042,
            "macro_precision": 0.9129455187623945,
            "macro_recall": 0.8482543393971721,
            "macro_f1": 0.8616380614448647
        }
    },
    "validation": {
        "short": {
            "loss": 0.3779799929893207,
            "accuracy": 0.8856998420415363,
            "top_2_accuracy": 0.9737616855458786,
            "top_3_accuracy": 0.9906669289063988,
            "matthews_corrcoef": 0.80887584205464,
            "macro_precision": 0.7118781721405909,
            "macro_recall": 0.5579468772161625,
            "macro_f1": 0.5525990530958427
        },
        "host": {
            "loss": 0.42032698386984546,
            "accuracy": 0.8924545638932766,
            "top_2_accuracy": 0.9470962071529985,
            "top_3_accuracy": 0.9575863086274823,
            "matthews_corrcoef": 0.7981680461965804,
            "macro_precision": 0.7788694489900182,
            "macro_recall": 0.7241020442370878,
            "macro_f1": 0.701852815177574
        }
    },
    "params": {
        "augment": "original",
        "context_size": 4096,
        "batch_size": 16,
        "features": [
            "short",
            "host"
        ],
        "targets": [
            "short",
            "host"
        ],
        "sampling": "index",
        "min_freq": 10,
        "n_heads": 4,
        "dim_per_head": 16,
        "num_layers": 1,
        "feedforward_factor": 4,
        "activation": "gelu",
        "gated_activation": true,
        "encoding": "raw_time",
        "encoding_type": "rotary",
        "rotary_max_exp": 14,
        "rotary_cutoff": 0.75,
        "biases": false,
        "head_bias": true,
        "tie_weights": true,
        "emb_init_std": 0.125,
        "optimizer": "adam",
        "scheduler": "linear",
        "lr": 0.005,
        "warm_up_steps": 200,
        "decay": 0.1,
        "momentum": 0.9,
        "gamma": null,
        "class_balance": 2.0,
        "target_ratio": 0.2,
        "mask_ratio": 0.8,
        "perturb_ratio": 0.1,
        "path": "saved_models",
        "log": "train",
        "d_model": 64,
        "dim_feedforward": 256,
        "encoding_freqs": [
            1.0,
            0.29730177875068026,
            0.08838834764831845,
            0.026278012976678578,
            0.0078125,
            0.0023226701464896895
        ],
        "updates": 58600,
        "id": "1l_4h_16d_original_default_params"
    }
}